,type,geometry,properties
0,Feature,"{'type': 'Point', 'coordinates': [-116.90586993496, 33.756957897091]}","{'id': '64375c201f5a744ce73481d0', 'dataSource': 'NIFC', 'loc': {'long': -116.90586993496, 'lat': 33.756957897091}, 'report': {'id': '2023-CARRU-053539', 'type': 'L', 'timestamp': 1681347905, 'dateTimeISO': '2023-04-12T18:05:05-07:00', 'name': 'Rosebrugh Ln  Hem', 'location': 'ROSEBRUGH LN  HEM', 'startTimestamp': 1681345780, 'startDateISO': '2023-04-12T17:29:40-07:00', 'conf': 100, 'areaKM': None, 'areaMI': None, 'areaAC': None, 'perContained': None, 'sat': None, 'expContainedTimestamp': None, 'expContainedISO': None, 'cause': 'Undetermined', 'imtType': None, 'fuels': None, 'terrain': None}, 'place': {'name': 'valle vista', 'state': 'ca', 'country': 'us'}, 'profile': {'tz': 'America/Los_Angeles'}, 'perimeter': None}"
1,Feature,"{'type': 'Point', 'coordinates': [-122.4224136128, 40.8036751796]}","{'id': '643754d01f5a744ce73481cc', 'dataSource': 'NIFC', 'loc': {'long': -122.4224136128, 'lat': 40.8036751796}, 'report': {'id': '2023-CASHF-000287', 'type': 'L', 'timestamp': 1681346520, 'dateTimeISO': '2023-04-12T17:42:00-07:00', 'name': 'Backbone Broadcast Rx', 'location': 'Backbone Broadcast RX', 'startTimestamp': 1681345098, 'startDateISO': '2023-04-12T17:18:18-07:00', 'conf': 100, 'areaKM': 0, 'areaMI': 0, 'areaAC': 1, 'perContained': None, 'sat': None, 'expContainedTimestamp': None, 'expContainedISO': None, 'cause': 'Undetermined', 'imtType': None, 'fuels': None, 'terrain': None}, 'place': {'name': 'lakehead', 'state': 'ca', 'country': 'us'}, 'profile': {'tz': 'America/Los_Angeles'}, 'perimeter': None}"
2,Feature,"{'type': 'Point', 'coordinates': [-122.91890258219, 40.768060734814]}","{'id': '64373fc61f5a744ce73481bd', 'dataSource': 'NIFC', 'loc': {'long': -122.91890258219, 'lat': 40.768060734814}, 'report': {'id': '2023-CASHF-000284', 'type': 'L', 'timestamp': 1681341847, 'dateTimeISO': '2023-04-12T16:24:07-07:00', 'name': 'Wcf East Weaver 30-3 Broadcast Rx', 'location': 'WCF East Weaver 30-3 Broadcast RX', 'startTimestamp': 1681341180, 'startDateISO': '2023-04-12T16:13:00-07:00', 'conf': 100, 'areaKM': None, 'areaMI': None, 'areaAC': None, 'perContained': None, 'sat': None, 'expContainedTimestamp': None, 'expContainedISO': None, 'cause': 'not reported', 'imtType': None, 'fuels': None, 'terrain': None}, 'place': {'name': 'weaverville', 'state': 'ca', 'country': 'us'}, 'profile': {'tz': 'America/Los_Angeles'}, 'perimeter': None}"
3,Feature,"{'type': 'Point', 'coordinates': [-118.14552222557, 34.703924933142]}","{'id': '6436f96b1f5a744ce73480f2', 'dataSource': 'NIFC', 'loc': {'long': -118.14552222557, 'lat': 34.703924933142}, 'report': {'id': '2023-CALAC-122437', 'type': 'L', 'timestamp': 1681322688, 'dateTimeISO': '2023-04-12T11:04:48-07:00', 'name': 'Lac-122437', 'location': 'LAC-122437', 'startTimestamp': 1681322224, 'startDateISO': '2023-04-12T10:57:04-07:00', 'conf': 100, 'areaKM': None, 'areaMI': None, 'areaAC': None, 'perContained': None, 'sat': None, 'expContainedTimestamp': None, 'expContainedISO': None, 'cause': 'Undetermined', 'imtType': None, 'fuels': None, 'terrain': None}, 'place': {'name': 'lancaster', 'state': 'ca', 'country': 'us'}, 'profile': {'tz': 'America/Los_Angeles'}, 'perimeter': None}"
4,Feature,"{'type': 'Point', 'coordinates': [-118.09048216229, 34.062684865826]}","{'id': '6436e4511f5a744ce73480b2', 'dataSource': 'NIFC', 'loc': {'long': -118.09048216229, 'lat': 34.062684865826}, 'report': {'id': '2023-CALAC-122357', 'type': 'L', 'timestamp': 1681318849, 'dateTimeISO': '2023-04-12T10:00:49-07:00', 'name': 'Lac-122357', 'location': 'LAC-122357', 'startTimestamp': 1681318574, 'startDateISO': '2023-04-12T09:56:14-07:00', 'conf': 100, 'areaKM': None, 'areaMI': None, 'areaAC': None, 'perContained': None, 'sat': None, 'expContainedTimestamp': None, 'expContainedISO': None, 'cause': 'Undetermined', 'imtType': None, 'fuels': None, 'terrain': None}, 'place': {'name': 'rosemead', 'state': 'ca', 'country': 'us'}, 'profile': {'tz': 'America/Los_Angeles'}, 'perimeter': None}"
5,Feature,"{'type': 'Point', 'coordinates': [-118.33013219125, 33.923714836931]}","{'id': '6436d6601f5a744ce734809c', 'dataSource': 'NIFC', 'loc': {'long': -118.33013219125, 'lat': 33.923714836931}, 'report': {'id': '2023-CALAC-122277', 'type': 'L', 'timestamp': 1681314289, 'dateTimeISO': '2023-04-12T08:44:49-07:00', 'name': 'Lac-122277', 'location': 'LAC-122277', 'startTimestamp': 1681313822, 'startDateISO': '2023-04-12T08:37:02-07:00', 'conf': 100, 'areaKM': None, 'areaMI': None, 'areaAC': None, 'perContained': None, 'sat': None, 'expContainedTimestamp': None, 'expContainedISO': None, 'cause': 'Undetermined', 'imtType': None, 'fuels': None, 'terrain': None}, 'place': {'name': 'hawthorne', 'state': 'ca', 'country': 'us'}, 'profile': {'tz': 'America/Los_Angeles'}, 'perimeter': None}"
6,Feature,"{'type': 'Point', 'coordinates': [-116.90542394817, 33.924178916595]}","{'id': '6436d6601f5a744ce7348099', 'dataSource': 'NIFC', 'loc': {'long': -116.90542394817, 'lat': 33.924178916595}, 'report': {'id': '2023-CARRU-053261', 'type': 'L', 'timestamp': 1681313824, 'dateTimeISO': '2023-04-12T08:37:04-07:00', 'name': 'I 10  E/ 22Nd St Ofrp', 'location': 'I 10  E/ 22ND ST OFRP', 'startTimestamp': 1681312118, 'startDateISO': '2023-04-12T08:08:38-07:00', 'conf': 100, 'areaKM': None, 'areaMI': None, 'areaAC': None, 'perContained': None, 'sat': None, 'expContainedTimestamp': None, 'expContainedISO': None, 'cause': 'Undetermined', 'imtType': None, 'fuels': None, 'terrain': None}, 'place': {'name': 'banning', 'state': 'ca', 'country': 'us'}, 'profile': {'tz': 'America/Los_Angeles'}, 'perimeter': None}"
7,Feature,"{'type': 'Point', 'coordinates': [-118.48482225837, 34.422984882729]}","{'id': '6436b3831f5a744ce715d041', 'dataSource': 'NIFC', 'loc': {'long': -118.48482225837, 'lat': 34.422984882729}, 'report': {'id': '2023-CALAC-122186', 'type': 'L', 'timestamp': 1681306368, 'dateTimeISO': '2023-04-12T06:32:48-07:00', 'name': 'Ana', 'location': 'ANA', 'startTimestamp': 1681305840, 'startDateISO': '2023-04-12T06:24:00-07:00', 'conf': 100, 'areaKM': None, 'areaMI': None, 'areaAC': None, 'perContained': None, 'sat': None, 'expContainedTimestamp': None, 'expContainedISO': None, 'cause': 'Undetermined', 'imtType': None, 'fuels': None, 'terrain': None}, 'place': {'name': 'santa clarita', 'state': 'ca', 'country': 'us'}, 'profile': {'tz': 'America/Los_Angeles'}, 'perimeter': None}"
8,Feature,"{'type': 'Point', 'coordinates': [-116.90535193427, 33.749398896237]}","{'id': '6436a5071f5a744ce715d030', 'dataSource': 'NIFC', 'loc': {'long': -116.90535193427, 'lat': 33.749398896237}, 'report': {'id': '2023-CARRU-053215', 'type': 'L', 'timestamp': 1681302302, 'dateTimeISO': '2023-04-12T05:25:02-07:00', 'name': 'New Chicago Av / Hacienda St', 'location': 'NEW CHICAGO AV / HACIENDA ST', 'startTimestamp': 1681301493, 'startDateISO': '2023-04-12T05:11:33-07:00', 'conf': 100, 'areaKM': None, 'areaMI': None, 'areaAC': None, 'perContained': None, 'sat': None, 'expContainedTimestamp': None, 'expContainedISO': None, 'cause': 'Undetermined', 'imtType': None, 'fuels': None, 'terrain': None}, 'place': {'name': 'valle vista', 'state': 'ca', 'country': 'us'}, 'profile': {'tz': 'America/Los_Angeles'}, 'perimeter': None}"
9,Feature,"{'type': 'Point', 'coordinates': [-118.29203218235, 33.892484835611]}","{'id': '643657cc1f5a744ce715d029', 'dataSource': 'NIFC', 'loc': {'long': -118.29203218235, 'lat': 33.892484835611}, 'report': {'id': '2023-CALAC-121991', 'type': 'L', 'timestamp': 1681282489, 'dateTimeISO': '2023-04-11T23:54:49-07:00', 'name': 'Lac-121991', 'location': 'LAC-121991', 'startTimestamp': 1681282239, 'startDateISO': '2023-04-11T23:50:39-07:00', 'conf': 100, 'areaKM': None, 'areaMI': None, 'areaAC': None, 'perContained': None, 'sat': None, 'expContainedTimestamp': None, 'expContainedISO': None, 'cause': 'Undetermined', 'imtType': None, 'fuels': None, 'terrain': None}, 'place': {'name': 'gardena', 'state': 'ca', 'country': 'us'}, 'profile': {'tz': 'America/Los_Angeles'}, 'perimeter': None}"
10,Feature,"{'type': 'Point', 'coordinates': [-117.35173500579, 33.677738863422]}","{'id': '643642d51f5a744ce715d024', 'dataSource': 'NIFC', 'loc': {'long': -117.35173500579, 'lat': 33.677738863422}, 'report': {'id': '2023-CARRU-053125', 'type': 'L', 'timestamp': 1681277515, 'dateTimeISO': '2023-04-11T22:31:55-07:00', 'name': 'W Lakeshore Dr / Bushman Av', 'location': 'W LAKESHORE DR / BUSHMAN AV', 'startTimestamp': 1681276181, 'startDateISO': '2023-04-11T22:09:41-07:00', 'conf': 100, 'areaKM': None, 'areaMI': None, 'areaAC': None, 'perContained': None, 'sat': None, 'expContainedTimestamp': None, 'expContainedISO': None, 'cause': 'Undetermined', 'imtType': None, 'fuels': None, 'terrain': None}, 'place': {'name': 'lake elsinore', 'state': 'ca', 'country': 'us'}, 'profile': {'tz': 'America/Los_Angeles'}, 'perimeter': None}"
11,Feature,"{'type': 'Point', 'coordinates': [-116.16415380301, 33.735084935182]}","{'id': '643642d51f5a744ce715d023', 'dataSource': 'NIFC', 'loc': {'long': -116.16415380301, 'lat': 33.735084935182}, 'report': {'id': '2023-CARRU-053086', 'type': 'L', 'timestamp': 1681275882, 'dateTimeISO': '2023-04-11T22:04:42-07:00', 'name': 'Landfill Rd / Dillon Rd', 'location': 'LANDFILL RD / DILLON RD', 'startTimestamp': 1681270482, 'startDateISO': '2023-04-11T20:34:42-07:00', 'conf': 100, 'areaKM': None, 'areaMI': None, 'areaAC': None, 'perContained': None, 'sat': None, 'expContainedTimestamp': None, 'expContainedISO': None, 'cause': 'Undetermined', 'imtType': None, 'fuels': None, 'terrain': None}, 'place': {'name': 'indio', 'state': 'ca', 'country': 'us'}, 'profile': {'tz': 'America/Los_Angeles'}, 'perimeter': None}"
12,Feature,"{'type': 'Point', 'coordinates': [-116.07953477524, 33.570987920058]}","{'id': '6435fc491f5a744ce715d017', 'dataSource': 'NIFC', 'loc': {'long': -116.07953477524, 'lat': 33.570987920058}, 'report': {'id': '2023-CARRU-053006', 'type': 'L', 'timestamp': 1681257956, 'dateTimeISO': '2023-04-11T17:05:56-07:00', 'name': '4Th St / Grapefruit Bl', 'location': '4TH ST / GRAPEFRUIT BL', 'startTimestamp': 1681257095, 'startDateISO': '2023-04-11T16:51:35-07:00', 'conf': 100, 'areaKM': None, 'areaMI': None, 'areaAC': None, 'perContained': None, 'sat': None, 'expContainedTimestamp': None, 'expContainedISO': None, 'cause': 'Undetermined', 'imtType': None, 'fuels': None, 'terrain': None}, 'place': {'name': 'mecca', 'state': 'ca', 'country': 'us'}, 'profile': {'tz': 'America/Los_Angeles'}, 'perimeter': None}"
13,Feature,"{'type': 'Point', 'coordinates': [-123.11918037557, 40.518894000071]}","{'id': '6435f5551f5a744ce715d00c', 'dataSource': 'NIFC', 'loc': {'long': -123.11918037557, 'lat': 40.518894000071}, 'report': {'id': '2023-CASHF-000283', 'type': 'L', 'timestamp': 1681256996, 'dateTimeISO': '2023-04-11T16:49:56-07:00', 'name': 'August Fire Disaster Relief Rx', 'location': 'August Fire Disaster Relief RX', 'startTimestamp': 1681256700, 'startDateISO': '2023-04-11T16:45:00-07:00', 'conf': 100, 'areaKM': None, 'areaMI': None, 'areaAC': None, 'perContained': None, 'sat': None, 'expContainedTimestamp': None, 'expContainedISO': None, 'cause': 'not reported', 'imtType': None, 'fuels': None, 'terrain': None}, 'place': {'name': 'hayfork', 'state': 'ca', 'country': 'us'}, 'profile': {'tz': 'America/Los_Angeles'}, 'perimeter': None}"
14,Feature,"{'type': 'Point', 'coordinates': [-118.19236217682, 34.030594856509]}","{'id': '6435ee451f5a744ce715d001', 'dataSource': 'NIFC', 'loc': {'long': -118.19236217682, 'lat': 34.030594856509}, 'report': {'id': '2023-CALAC-121580', 'type': 'L', 'timestamp': 1681255849, 'dateTimeISO': '2023-04-11T16:30:49-07:00', 'name': 'Lac-121580', 'location': 'LAC-121580', 'startTimestamp': 1681255724, 'startDateISO': '2023-04-11T16:28:44-07:00', 'conf': 100, 'areaKM': None, 'areaMI': None, 'areaAC': None, 'perContained': None, 'sat': None, 'expContainedTimestamp': None, 'expContainedISO': None, 'cause': 'Undetermined', 'imtType': None, 'fuels': None, 'terrain': None}, 'place': {'name': 'los angeles', 'state': 'ca', 'country': 'us'}, 'profile': {'tz': 'America/Los_Angeles'}, 'perimeter': None}"
15,Feature,"{'type': 'Point', 'coordinates': [-116.90542394817, 33.924178916595]}","{'id': '6435bd191f5a744ce715cfc6', 'dataSource': 'NIFC', 'loc': {'long': -116.90542394817, 'lat': 33.924178916595}, 'report': {'id': '2023-CARRU-052874', 'type': 'L', 'timestamp': 1681241565, 'dateTimeISO': '2023-04-11T12:32:45-07:00', 'name': '22Nd St Ofrp  / I 10  E', 'location': '22ND ST OFRP  / I 10  E', 'startTimestamp': 1681240801, 'startDateISO': '2023-04-11T12:20:01-07:00', 'conf': 100, 'areaKM': None, 'areaMI': None, 'areaAC': None, 'perContained': None, 'sat': None, 'expContainedTimestamp': None, 'expContainedISO': None, 'cause': 'Undetermined', 'imtType': None, 'fuels': None, 'terrain': None}, 'place': {'name': 'banning', 'state': 'ca', 'country': 'us'}, 'profile': {'tz': 'America/Los_Angeles'}, 'perimeter': None}"
16,Feature,"{'type': 'Point', 'coordinates': [-116.06815877336, 33.572858920898]}","{'id': '6435b6031f5a744ce715cfba', 'dataSource': 'NIFC', 'loc': {'long': -116.06815877336, 'lat': 33.572858920898}, 'report': {'id': '2023-CARRU-052865', 'type': 'L', 'timestamp': 1681241071, 'dateTimeISO': '2023-04-11T12:24:31-07:00', 'name': 'Home Av / 5Th St', 'location': 'HOME AV / 5TH ST', 'startTimestamp': 1681240208, 'startDateISO': '2023-04-11T12:10:08-07:00', 'conf': 100, 'areaKM': None, 'areaMI': None, 'areaAC': None, 'perContained': None, 'sat': None, 'expContainedTimestamp': None, 'expContainedISO': None, 'cause': 'Undetermined', 'imtType': None, 'fuels': None, 'terrain': None}, 'place': {'name': 'mecca', 'state': 'ca', 'country': 'us'}, 'profile': {'tz': 'America/Los_Angeles'}, 'perimeter': None}"
17,Feature,"{'type': 'Point', 'coordinates': [-120.77148009787, 38.902972162365]}","{'id': '6435b6031f5a744ce715cfb8', 'dataSource': 'NIFC', 'loc': {'long': -120.77148009787, 'lat': 38.902972162365}, 'report': {'id': '2023-CAENF-002471', 'type': 'L', 'timestamp': 1681239824, 'dateTimeISO': '2023-04-11T12:03:44-07:00', 'name': 'Tobacco Rx', 'location': 'TOBACCO RX', 'startTimestamp': 1674502968, 'startDateISO': '2023-01-23T11:42:48-08:00', 'conf': 100, 'areaKM': 0, 'areaMI': 0, 'areaAC': 11, 'perContained': None, 'sat': None, 'expContainedTimestamp': None, 'expContainedISO': None, 'cause': 'Undetermined', 'imtType': None, 'fuels': None, 'terrain': None}, 'place': {'name': 'georgetown', 'state': 'ca', 'country': 'us'}, 'profile': {'tz': 'America/Los_Angeles'}, 'perimeter': None}"
18,Feature,"{'type': 'Point', 'coordinates': [-121.7464021616, 39.073060661108]}","{'id': '6435aeee1f5a744ce715cfaa', 'dataSource': 'NIFC', 'loc': {'long': -121.7464021616, 'lat': 39.073060661108}, 'report': {'id': '2023-CASTR-000001', 'type': 'L', 'timestamp': 1681238339, 'dateTimeISO': '2023-04-11T11:38:59-07:00', 'name': 'Sutter Car Fire', 'location': 'SUTTER CAR FIRE', 'startTimestamp': 1680571800, 'startDateISO': '2023-04-03T18:30:00-07:00', 'conf': 100, 'areaKM': None, 'areaMI': None, 'areaAC': None, 'perContained': None, 'sat': None, 'expContainedTimestamp': None, 'expContainedISO': None, 'cause': 'not reported', 'imtType': None, 'fuels': None, 'terrain': None}, 'place': {'name': 'sutter', 'state': 'ca', 'country': 'us'}, 'profile': {'tz': 'America/Los_Angeles'}, 'perimeter': None}"
19,Feature,"{'type': 'Point', 'coordinates': [-116.18835280429, 33.696598929251]}","{'id': '6435a0e01f5a744ce715cf98', 'dataSource': 'NIFC', 'loc': {'long': -116.18835280429, 'lat': 33.696598929251}, 'report': {'id': '2023-CARRU-052817', 'type': 'L', 'timestamp': 1681236027, 'dateTimeISO': '2023-04-11T11:00:27-07:00', 'name': 'Mitchell Dr / Grapefruit Bl', 'location': 'MITCHELL DR / GRAPEFRUIT BL', 'startTimestamp': 1681233262, 'startDateISO': '2023-04-11T10:14:22-07:00', 'conf': 100, 'areaKM': None, 'areaMI': None, 'areaAC': None, 'perContained': None, 'sat': None, 'expContainedTimestamp': None, 'expContainedISO': None, 'cause': 'Undetermined', 'imtType': None, 'fuels': None, 'terrain': None}, 'place': {'name': 'coachella', 'state': 'ca', 'country': 'us'}, 'profile': {'tz': 'America/Los_Angeles'}, 'perimeter': None}"
20,Feature,"{'type': 'Point', 'coordinates': [-118.14861222799, 34.725884935348]}","{'id': '6435a0e01f5a744ce715cf9c', 'dataSource': 'NIFC', 'loc': {'long': -118.14861222799, 'lat': 34.725884935348}, 'report': {'id': '2023-CALAC-121152', 'type': 'L', 'timestamp': 1681235209, 'dateTimeISO': '2023-04-11T10:46:49-07:00', 'name': 'Lac-121152', 'location': 'LAC-121152', 'startTimestamp': 1681235030, 'startDateISO': '2023-04-11T10:43:50-07:00', 'conf': 100, 'areaKM': None, 'areaMI': None, 'areaAC': None, 'perContained': None, 'sat': None, 'expContainedTimestamp': None, 'expContainedISO': None, 'cause': 'Undetermined', 'imtType': None, 'fuels': None, 'terrain': None}, 'place': {'name': 'lancaster', 'state': 'ca', 'country': 'us'}, 'profile': {'tz': 'America/Los_Angeles'}, 'perimeter': None}"
21,Feature,"{'type': 'Point', 'coordinates': [-117.16103499194, 33.917463901583]}","{'id': '6435a0e01f5a744ce715cf99', 'dataSource': 'NIFC', 'loc': {'long': -117.16103499194, 'lat': 33.917463901583}, 'report': {'id': '2023-CARRU-052818', 'type': 'L', 'timestamp': 1681234406, 'dateTimeISO': '2023-04-11T10:33:26-07:00', 'name': 'Wilmot St / Alessandro Bl', 'location': 'WILMOT ST / ALESSANDRO BL', 'startTimestamp': 1681233364, 'startDateISO': '2023-04-11T10:16:04-07:00', 'conf': 100, 'areaKM': None, 'areaMI': None, 'areaAC': None, 'perContained': None, 'sat': None, 'expContainedTimestamp': None, 'expContainedISO': None, 'cause': 'Undetermined', 'imtType': None, 'fuels': None, 'terrain': None}, 'place': {'name': 'moreno valley', 'state': 'ca', 'country': 'us'}, 'profile': {'tz': 'America/Los_Angeles'}, 'perimeter': None}"
22,Feature,"{'type': 'Point', 'coordinates': [-116.50174187763, 33.924973939135]}","{'id': '643553931f5a744ce7f13182', 'dataSource': 'NIFC', 'loc': {'long': -116.50174187763, 'lat': 33.924973939135}, 'report': {'id': '2023-CARRU-052703', 'type': 'L', 'timestamp': 1681214863, 'dateTimeISO': '2023-04-11T05:07:43-07:00', 'name': 'Dillon Rd / Palm Dr', 'location': 'DILLON RD / PALM DR', 'startTimestamp': 1681212661, 'startDateISO': '2023-04-11T04:31:01-07:00', 'conf': 100, 'areaKM': None, 'areaMI': None, 'areaAC': None, 'perContained': None, 'sat': None, 'expContainedTimestamp': None, 'expContainedISO': None, 'cause': 'Undetermined', 'imtType': None, 'fuels': None, 'terrain': None}, 'place': {'name': 'desert hot springs', 'state': 'ca', 'country': 'us'}, 'profile': {'tz': 'America/Los_Angeles'}, 'perimeter': None}"
23,Feature,"{'type': 'Point', 'coordinates': [-118.1739521687, 33.968764850691]}","{'id': '64353e6b1f5a744ce7f13178', 'dataSource': 'NIFC', 'loc': {'long': -118.1739521687, 'lat': 33.968764850691}, 'report': {'id': '2023-CALAC-120859', 'type': 'L', 'timestamp': 1681209649, 'dateTimeISO': '2023-04-11T03:40:49-07:00', 'name': 'Lac-120859', 'location': 'LAC-120859', 'startTimestamp': 1681209298, 'startDateISO': '2023-04-11T03:34:58-07:00', 'conf': 100, 'areaKM': None, 'areaMI': None, 'areaAC': None, 'perContained': None, 'sat': None, 'expContainedTimestamp': None, 'expContainedISO': None, 'cause': 'Undetermined', 'imtType': None, 'fuels': None, 'terrain': None}, 'place': {'name': 'bell', 'state': 'ca', 'country': 'us'}, 'profile': {'tz': 'America/Los_Angeles'}, 'perimeter': None}"
24,Feature,"{'type': 'Point', 'coordinates': [-118.16891216317, 33.910844844539]}","{'id': '64351b511f5a744ce7f13176', 'dataSource': 'NIFC', 'loc': {'long': -118.16891216317, 'lat': 33.910844844539}, 'report': {'id': '2023-CALAC-120801', 'type': 'L', 'timestamp': 1681202688, 'dateTimeISO': '2023-04-11T01:44:48-07:00', 'name': 'Lac-120801', 'location': 'LAC-120801', 'startTimestamp': 1681201613, 'startDateISO': '2023-04-11T01:26:53-07:00', 'conf': 100, 'areaKM': None, 'areaMI': None, 'areaAC': None, 'perContained': None, 'sat': None, 'expContainedTimestamp': None, 'expContainedISO': None, 'cause': 'Undetermined', 'imtType': None, 'fuels': None, 'terrain': None}, 'place': {'name': 'paramount', 'state': 'ca', 'country': 'us'}, 'profile': {'tz': 'America/Los_Angeles'}, 'perimeter': None}"
25,Feature,"{'type': 'Point', 'coordinates': [-117.7479121011, 34.023474880781]}","{'id': '643506301f5a744ce7f13173', 'dataSource': 'NIFC', 'loc': {'long': -117.7479121011, 'lat': 34.023474880781}, 'report': {'id': '2023-CALAC-120743', 'type': 'L', 'timestamp': 1681195488, 'dateTimeISO': '2023-04-10T23:44:48-07:00', 'name': 'Lac-120743', 'location': 'LAC-120743', 'startTimestamp': 1681195379, 'startDateISO': '2023-04-10T23:42:59-07:00', 'conf': 100, 'areaKM': None, 'areaMI': None, 'areaAC': None, 'perContained': None, 'sat': None, 'expContainedTimestamp': None, 'expContainedISO': None, 'cause': 'Undetermined', 'imtType': None, 'fuels': None, 'terrain': None}, 'place': {'name': 'pomona', 'state': 'ca', 'country': 'us'}, 'profile': {'tz': 'America/Los_Angeles'}, 'perimeter': None}"
26,Feature,"{'type': 'Point', 'coordinates': [-118.19241217688, 34.031334856588]}","{'id': '6434ff2b1f5a744ce7f1316d', 'dataSource': 'NIFC', 'loc': {'long': -118.19241217688, 'lat': 34.031334856588}, 'report': {'id': '2023-CALAC-120731', 'type': 'L', 'timestamp': 1681194169, 'dateTimeISO': '2023-04-10T23:22:49-07:00', 'name': 'Lac-120731', 'location': 'LAC-120731', 'startTimestamp': 1681193981, 'startDateISO': '2023-04-10T23:19:41-07:00', 'conf': 100, 'areaKM': None, 'areaMI': None, 'areaAC': None, 'perContained': None, 'sat': None, 'expContainedTimestamp': None, 'expContainedISO': None, 'cause': 'Undetermined', 'imtType': None, 'fuels': None, 'terrain': None}, 'place': {'name': 'los angeles', 'state': 'ca', 'country': 'us'}, 'profile': {'tz': 'America/Los_Angeles'}, 'perimeter': None}"
27,Feature,"{'type': 'Point', 'coordinates': [-117.22162300416, 33.939364900724]}","{'id': '6434ff2b1f5a744ce7f1316c', 'dataSource': 'NIFC', 'loc': {'long': -117.22162300416, 'lat': 33.939364900724}, 'report': {'id': '2023-CARRU-052646', 'type': 'L', 'timestamp': 1681194145, 'dateTimeISO': '2023-04-10T23:22:25-07:00', 'name': 'Perris Bl Ofrp  / Hy 60  W', 'location': 'PERRIS BL OFRP  / HY 60  W', 'startTimestamp': 1681193171, 'startDateISO': '2023-04-10T23:06:11-07:00', 'conf': 100, 'areaKM': None, 'areaMI': None, 'areaAC': None, 'perContained': None, 'sat': None, 'expContainedTimestamp': None, 'expContainedISO': None, 'cause': 'Undetermined', 'imtType': None, 'fuels': None, 'terrain': None}, 'place': {'name': 'moreno valley', 'state': 'ca', 'country': 'us'}, 'profile': {'tz': 'America/Los_Angeles'}, 'perimeter': None}"
28,Feature,"{'type': 'Point', 'coordinates': [-117.3321590289, 34.009988902629]}","{'id': '6434ff2b1f5a744ce7f1316a', 'dataSource': 'NIFC', 'loc': {'long': -117.3321590289, 'lat': 34.009988902629}, 'report': {'id': '2023-CARRU-052611', 'type': 'L', 'timestamp': 1681193370, 'dateTimeISO': '2023-04-10T23:09:30-07:00', 'name': 'Prospect Av  High', 'location': 'PROSPECT AV  HIGH', 'startTimestamp': 1681187883, 'startDateISO': '2023-04-10T21:38:03-07:00', 'conf': 100, 'areaKM': None, 'areaMI': None, 'areaAC': None, 'perContained': None, 'sat': None, 'expContainedTimestamp': None, 'expContainedISO': None, 'cause': 'Undetermined', 'imtType': None, 'fuels': None, 'terrain': None}, 'place': {'name': 'highgrove', 'state': 'ca', 'country': 'us'}, 'profile': {'tz': 'America/Los_Angeles'}, 'perimeter': None}"
29,Feature,"{'type': 'Point', 'coordinates': [-116.2762768205, 33.704971925455]}","{'id': '6434f8991f5a744ce7f13168', 'dataSource': 'NIFC', 'loc': {'long': -116.2762768205, 'lat': 33.704971925455}, 'report': {'id': '2023-CARRU-052640', 'type': 'L', 'timestamp': 1681192456, 'dateTimeISO': '2023-04-10T22:54:16-07:00', 'name': 'Coral Mountain Apt Laq', 'location': 'CORAL MOUNTAIN APT LAQ', 'startTimestamp': 1681191899, 'startDateISO': '2023-04-10T22:44:59-07:00', 'conf': 100, 'areaKM': None, 'areaMI': None, 'areaAC': None, 'perContained': None, 'sat': None, 'expContainedTimestamp': None, 'expContainedISO': None, 'cause': 'Undetermined', 'imtType': None, 'fuels': None, 'terrain': None}, 'place': {'name': 'la quinta', 'state': 'ca', 'country': 'us'}, 'profile': {'tz': 'America/Los_Angeles'}, 'perimeter': None}"
30,Feature,"{'type': 'Point', 'coordinates': [-118.35551219251, 33.886634831412]}","{'id': '6434f11c1f5a744ce7f13166', 'dataSource': 'NIFC', 'loc': {'long': -118.35551219251, 'lat': 33.886634831412}, 'report': {'id': '2023-CALAC-120654', 'type': 'L', 'timestamp': 1681189968, 'dateTimeISO': '2023-04-10T22:12:48-07:00', 'name': 'Lac-120654', 'location': 'LAC-120654', 'startTimestamp': 1681188652, 'startDateISO': '2023-04-10T21:50:52-07:00', 'conf': 100, 'areaKM': None, 'areaMI': None, 'areaAC': None, 'perContained': None, 'sat': None, 'expContainedTimestamp': None, 'expContainedISO': None, 'cause': 'Undetermined', 'imtType': None, 'fuels': None, 'terrain': None}, 'place': {'name': 'lawndale', 'state': 'ca', 'country': 'us'}, 'profile': {'tz': 'America/Los_Angeles'}, 'perimeter': None}"
31,Feature,"{'type': 'Point', 'coordinates': [-118.32161218999, 33.925744837634]}","{'id': '6434ea0d1f5a744ce7f13163', 'dataSource': 'NIFC', 'loc': {'long': -118.32161218999, 'lat': 33.925744837634}, 'report': {'id': '2023-CALAC-120661', 'type': 'L', 'timestamp': 1681189248, 'dateTimeISO': '2023-04-10T22:00:48-07:00', 'name': 'Lac-120661', 'location': 'LAC-120661', 'startTimestamp': 1681189032, 'startDateISO': '2023-04-10T21:57:12-07:00', 'conf': 100, 'areaKM': None, 'areaMI': None, 'areaAC': None, 'perContained': None, 'sat': None, 'expContainedTimestamp': None, 'expContainedISO': None, 'cause': 'Undetermined', 'imtType': None, 'fuels': None, 'terrain': None}, 'place': {'name': 'hawthorne', 'state': 'ca', 'country': 'us'}, 'profile': {'tz': 'America/Los_Angeles'}, 'perimeter': None}"
32,Feature,"{'type': 'Point', 'coordinates': [-120.65580701368, 38.368128124864]}","{'id': '6434b8d71f5a744ce7f13142', 'dataSource': 'NIFC', 'loc': {'long': -120.65580701368, 'lat': 38.368128124864}, 'report': {'id': '2023-CAAEU-009722', 'type': 'L', 'timestamp': 1681183801, 'dateTimeISO': '2023-04-10T20:30:01-07:00', 'name': 'Clinton', 'location': 'CLINTON', 'startTimestamp': 1681175222, 'startDateISO': '2023-04-10T18:07:02-07:00', 'conf': 100, 'areaKM': 0, 'areaMI': 0, 'areaAC': 0.01, 'perContained': None, 'sat': None, 'expContainedTimestamp': None, 'expContainedISO': None, 'cause': 'Undetermined', 'imtType': None, 'fuels': None, 'terrain': None}, 'place': {'name': 'pine grove', 'state': 'ca', 'country': 'us'}, 'profile': {'tz': 'America/Los_Angeles'}, 'perimeter': None}"
33,Feature,"{'type': 'Point', 'coordinates': [-122.28088825432, 38.281176995897]}","{'id': '6434d4f71f5a744ce7f1315a', 'dataSource': 'NIFC', 'loc': {'long': -122.28088825432, 'lat': 38.281176995897}, 'report': {'id': '2023-CALNU-006927', 'type': 'L', 'timestamp': 1681183310, 'dateTimeISO': '2023-04-10T20:21:50-07:00', 'name': 'W Imola Ave  Napa_City', 'location': 'W IMOLA AVE  NAPA_CITY', 'startTimestamp': 1681182899, 'startDateISO': '2023-04-10T20:14:59-07:00', 'conf': 100, 'areaKM': None, 'areaMI': None, 'areaAC': None, 'perContained': None, 'sat': None, 'expContainedTimestamp': None, 'expContainedISO': None, 'cause': 'Undetermined', 'imtType': None, 'fuels': None, 'terrain': None}, 'place': {'name': 'napa', 'state': 'ca', 'country': 'us'}, 'profile': {'tz': 'America/Los_Angeles'}, 'perimeter': None}"
34,Feature,"{'type': 'Point', 'coordinates': [-117.98072218418, 34.546514925614]}","{'id': '6434d4f71f5a744ce7f13159', 'dataSource': 'NIFC', 'loc': {'long': -117.98072218418, 'lat': 34.546514925614}, 'report': {'id': '2023-CALAC-120580', 'type': 'L', 'timestamp': 1681182768, 'dateTimeISO': '2023-04-10T20:12:48-07:00', 'name': 'Lac-120580', 'location': 'LAC-120580', 'startTimestamp': 1681182511, 'startDateISO': '2023-04-10T20:08:31-07:00', 'conf': 100, 'areaKM': None, 'areaMI': None, 'areaAC': None, 'perContained': None, 'sat': None, 'expContainedTimestamp': None, 'expContainedISO': None, 'cause': 'Undetermined', 'imtType': None, 'fuels': None, 'terrain': None}, 'place': {'name': 'sun village', 'state': 'ca', 'country': 'us'}, 'profile': {'tz': 'America/Los_Angeles'}, 'perimeter': None}"
35,Feature,"{'type': 'Point', 'coordinates': [-116.4529117863, 32.833694811179]}","{'id': '6434d4f71f5a744ce7f13158', 'dataSource': 'NIFC', 'loc': {'long': -116.4529117863, 'lat': 32.833694811179}, 'report': {'id': '2023-CACNF-000019', 'type': 'L', 'timestamp': 1681182435, 'dateTimeISO': '2023-04-10T20:07:15-07:00', 'name': 'Laguna Place Broadcast Rx', 'location': 'LAGUNA PLACE BROADCAST RX', 'startTimestamp': 1672588533, 'startDateISO': '2023-01-01T07:55:33-08:00', 'conf': 100, 'areaKM': 0, 'areaMI': 0, 'areaAC': 1, 'perContained': None, 'sat': None, 'expContainedTimestamp': None, 'expContainedISO': None, 'cause': 'Undetermined', 'imtType': None, 'fuels': None, 'terrain': None}, 'place': {'name': 'mt laguna', 'state': 'ca', 'country': 'us'}, 'profile': {'tz': 'America/Los_Angeles'}, 'perimeter': None}"
36,Feature,"{'type': 'Point', 'coordinates': [-117.41412504104, 33.985966895289]}","{'id': '6434ce361f5a744ce7f13156', 'dataSource': 'NIFC', 'loc': {'long': -117.41412504104, 'lat': 33.985966895289}, 'report': {'id': '2023-CARRU-052557', 'type': 'L', 'timestamp': 1681181466, 'dateTimeISO': '2023-04-10T19:51:06-07:00', 'name': 'Crestmore Rd / 46Th St', 'location': 'CRESTMORE RD / 46TH ST', 'startTimestamp': 1681180857, 'startDateISO': '2023-04-10T19:40:57-07:00', 'conf': 100, 'areaKM': None, 'areaMI': None, 'areaAC': None, 'perContained': None, 'sat': None, 'expContainedTimestamp': None, 'expContainedISO': None, 'cause': 'Undetermined', 'imtType': None, 'fuels': None, 'terrain': None}, 'place': {'name': 'rubidoux', 'state': 'ca', 'country': 'us'}, 'profile': {'tz': 'America/Los_Angeles'}, 'perimeter': None}"
37,Feature,"{'type': 'Point', 'coordinates': [-116.80351188553, 33.347824854524]}","{'id': '6434c6ef1f5a744ce7f1314e', 'dataSource': 'NIFC', 'loc': {'long': -116.80351188553, 'lat': 33.347824854524}, 'report': {'id': '2023-CACNF-000024', 'type': 'L', 'timestamp': 1681181053, 'dateTimeISO': '2023-04-10T19:44:13-07:00', 'name': 'Palomar Fuelbreak Broadcast Rx', 'location': 'PALOMAR FUELBREAK BROADCAST RX', 'startTimestamp': 1672589161, 'startDateISO': '2023-01-01T08:06:01-08:00', 'conf': 100, 'areaKM': 0, 'areaMI': 0, 'areaAC': 1, 'perContained': None, 'sat': None, 'expContainedTimestamp': None, 'expContainedISO': None, 'cause': 'Undetermined', 'imtType': None, 'fuels': None, 'terrain': None}, 'place': {'name': 'aguanga', 'state': 'ca', 'country': 'us'}, 'profile': {'tz': 'America/Los_Angeles'}, 'perimeter': None}"
38,Feature,"{'type': 'Point', 'coordinates': [-117.15408197688, 33.743123881829]}","{'id': '6434bff21f5a744ce7f1314a', 'dataSource': 'NIFC', 'loc': {'long': -117.15408197688, 'lat': 33.743123881829}, 'report': {'id': '2023-CARRU-052540', 'type': 'L', 'timestamp': 1681178370, 'dateTimeISO': '2023-04-10T18:59:30-07:00', 'name': 'Hy 74  E/ Menifee Rd', 'location': 'HY 74  E/ MENIFEE RD', 'startTimestamp': 1681177766, 'startDateISO': '2023-04-10T18:49:26-07:00', 'conf': 100, 'areaKM': None, 'areaMI': None, 'areaAC': None, 'perContained': None, 'sat': None, 'expContainedTimestamp': None, 'expContainedISO': None, 'cause': 'Undetermined', 'imtType': None, 'fuels': None, 'terrain': None}, 'place': {'name': 'menifee', 'state': 'ca', 'country': 'us'}, 'profile': {'tz': 'America/Los_Angeles'}, 'perimeter': None}"
39,Feature,"{'type': 'Point', 'coordinates': [-117.1740209936, 33.910117900013]}","{'id': '6434ab181f5a744ce7f1313e', 'dataSource': 'NIFC', 'loc': {'long': -117.1740209936, 'lat': 33.910117900013}, 'report': {'id': '2023-CARRU-052473', 'type': 'L', 'timestamp': 1681172059, 'dateTimeISO': '2023-04-10T17:14:19-07:00', 'name': 'Moreno Beach Dr / Cactus Av', 'location': 'MORENO BEACH DR / CACTUS AV', 'startTimestamp': 1681171509, 'startDateISO': '2023-04-10T17:05:09-07:00', 'conf': 100, 'areaKM': None, 'areaMI': None, 'areaAC': None, 'perContained': None, 'sat': None, 'expContainedTimestamp': None, 'expContainedISO': None, 'cause': 'Undetermined', 'imtType': None, 'fuels': None, 'terrain': None}, 'place': {'name': 'moreno valley', 'state': 'ca', 'country': 'us'}, 'profile': {'tz': 'America/Los_Angeles'}, 'perimeter': None}"
40,Feature,"{'type': 'Point', 'coordinates': [-118.13562222264, 34.68943493215]}","{'id': '6434a3c01f5a744ce7f13133', 'dataSource': 'NIFC', 'loc': {'long': -118.13562222264, 'lat': 34.68943493215}, 'report': {'id': '2023-CALAC-120327', 'type': 'L', 'timestamp': 1681169808, 'dateTimeISO': '2023-04-10T16:36:48-07:00', 'name': 'Lac-120327', 'location': 'LAC-120327', 'startTimestamp': 1681169215, 'startDateISO': '2023-04-10T16:26:55-07:00', 'conf': 100, 'areaKM': None, 'areaMI': None, 'areaAC': None, 'perContained': None, 'sat': None, 'expContainedTimestamp': None, 'expContainedISO': None, 'cause': 'Undetermined', 'imtType': None, 'fuels': None, 'terrain': None}, 'place': {'name': 'lancaster', 'state': 'ca', 'country': 'us'}, 'profile': {'tz': 'America/Los_Angeles'}, 'perimeter': None}"
41,Feature,"{'type': 'Point', 'coordinates': [-118.15741222506, 34.674924929282]}","{'id': '643487a01f5a744ce7f1310b', 'dataSource': 'NIFC', 'loc': {'long': -118.15741222506, 'lat': 34.674924929282}, 'report': {'id': '2023-CALAC-120211', 'type': 'L', 'timestamp': 1681163088, 'dateTimeISO': '2023-04-10T14:44:48-07:00', 'name': 'Lac-120211', 'location': 'LAC-120211', 'startTimestamp': 1681162936, 'startDateISO': '2023-04-10T14:42:16-07:00', 'conf': 100, 'areaKM': None, 'areaMI': None, 'areaAC': None, 'perContained': None, 'sat': None, 'expContainedTimestamp': None, 'expContainedISO': None, 'cause': 'Undetermined', 'imtType': None, 'fuels': None, 'terrain': None}, 'place': {'name': 'lancaster', 'state': 'ca', 'country': 'us'}, 'profile': {'tz': 'America/Los_Angeles'}, 'perimeter': None}"
42,Feature,"{'type': 'Point', 'coordinates': [-118.19241217688, 34.031334856588]}","{'id': '6434798d1f5a744ce7f130ee', 'dataSource': 'NIFC', 'loc': {'long': -118.19241217688, 'lat': 34.031334856588}, 'report': {'id': '2023-CALAC-120132', 'type': 'L', 'timestamp': 1681160808, 'dateTimeISO': '2023-04-10T14:06:48-07:00', 'name': 'Lac-120132', 'location': 'LAC-120132', 'startTimestamp': 1681159352, 'startDateISO': '2023-04-10T13:42:32-07:00', 'conf': 100, 'areaKM': None, 'areaMI': None, 'areaAC': None, 'perContained': None, 'sat': None, 'expContainedTimestamp': None, 'expContainedISO': None, 'cause': 'Undetermined', 'imtType': None, 'fuels': None, 'terrain': None}, 'place': {'name': 'los angeles', 'state': 'ca', 'country': 'us'}, 'profile': {'tz': 'America/Los_Angeles'}, 'perimeter': None}"
43,Feature,"{'type': 'Point', 'coordinates': [-120.52820601576, 38.552505150569]}","{'id': '642c90be1f5a744ce7c2d400', 'dataSource': 'NIFC', 'loc': {'long': -120.52820601576, 'lat': 38.552505150569}, 'report': {'id': '2023-CAENF-000392', 'type': 'L', 'timestamp': 1681160044, 'dateTimeISO': '2023-04-10T13:54:04-07:00', 'name': 'Scottiago Rx', 'location': 'SCOTTIAGO RX', 'startTimestamp': 1672862561, 'startDateISO': '2023-01-04T12:02:41-08:00', 'conf': 100, 'areaKM': 0.7, 'areaMI': 0.3, 'areaAC': 175, 'perContained': None, 'sat': None, 'expContainedTimestamp': None, 'expContainedISO': None, 'cause': 'Undetermined', 'imtType': None, 'fuels': None, 'terrain': None}, 'place': {'name': 'buckhorn', 'state': 'ca', 'country': 'us'}, 'profile': {'tz': 'America/Los_Angeles'}, 'perimeter': None}"
44,Feature,"{'type': 'Point', 'coordinates': [-116.53828688595, 33.948606939885]}","{'id': '6434489a1f5a744ce7f13083', 'dataSource': 'NIFC', 'loc': {'long': -116.53828688595, 'lat': 33.948606939885}, 'report': {'id': '2023-CARRU-052230', 'type': 'L', 'timestamp': 1681147300, 'dateTimeISO': '2023-04-10T10:21:40-07:00', 'name': 'Jayne St  Dhsp', 'location': 'JAYNE ST  DHSP', 'startTimestamp': 1681143884, 'startDateISO': '2023-04-10T09:24:44-07:00', 'conf': 100, 'areaKM': None, 'areaMI': None, 'areaAC': None, 'perContained': None, 'sat': None, 'expContainedTimestamp': None, 'expContainedISO': None, 'cause': 'Undetermined', 'imtType': None, 'fuels': None, 'terrain': None}, 'place': {'name': 'desert hot springs', 'state': 'ca', 'country': 'us'}, 'profile': {'tz': 'America/Los_Angeles'}, 'perimeter': None}"
45,Feature,"{'type': 'Point', 'coordinates': [-117.16640095258, 34.753338326486]}","{'id': '64342ca61f5a744ce7f13067', 'dataSource': 'NIFC', 'loc': {'long': -117.16640095258, 'lat': 34.753338326486}, 'report': {'id': '2023-CASBCC-005756', 'type': 'L', 'timestamp': 1681139629, 'dateTimeISO': '2023-04-10T08:13:49-07:00', 'name': 'Sc/bn/82', 'location': 'SC/BN/82', 'startTimestamp': 1680874980, 'startDateISO': '2023-04-07T06:43:00-07:00', 'conf': 100, 'areaKM': None, 'areaMI': None, 'areaAC': None, 'perContained': None, 'sat': None, 'expContainedTimestamp': None, 'expContainedISO': None, 'cause': 'not reported', 'imtType': None, 'fuels': None, 'terrain': None}, 'place': {'name': 'lenwood', 'state': 'ca', 'country': 'us'}, 'profile': {'tz': 'America/Los_Angeles'}, 'perimeter': None}"
46,Feature,"{'type': 'Point', 'coordinates': [-118.14340222229, 34.670254929601]}","{'id': '643417551f5a744ce7c8912a', 'dataSource': 'NIFC', 'loc': {'long': -118.14340222229, 'lat': 34.670254929601}, 'report': {'id': '2023-CALAC-119717', 'type': 'L', 'timestamp': 1681133808, 'dateTimeISO': '2023-04-10T06:36:48-07:00', 'name': 'Lac-119717', 'location': 'LAC-119717', 'startTimestamp': 1681133476, 'startDateISO': '2023-04-10T06:31:16-07:00', 'conf': 100, 'areaKM': None, 'areaMI': None, 'areaAC': None, 'perContained': None, 'sat': None, 'expContainedTimestamp': None, 'expContainedISO': None, 'cause': 'Undetermined', 'imtType': None, 'fuels': None, 'terrain': None}, 'place': {'name': 'lancaster', 'state': 'ca', 'country': 'us'}, 'profile': {'tz': 'America/Los_Angeles'}, 'perimeter': None}"
47,Feature,"{'type': 'Point', 'coordinates': [-116.22799381273, 33.714881929275]}","{'id': '6433caa91f5a744ce7c89110', 'dataSource': 'NIFC', 'loc': {'long': -116.22799381273, 'lat': 33.714881929275}, 'report': {'id': '2023-CARRU-052110', 'type': 'L', 'timestamp': 1681114737, 'dateTimeISO': '2023-04-10T01:18:57-07:00', 'name': 'Hy 111   Indo', 'location': 'HY 111   INDO', 'startTimestamp': 1681113866, 'startDateISO': '2023-04-10T01:04:26-07:00', 'conf': 100, 'areaKM': None, 'areaMI': None, 'areaAC': None, 'perContained': None, 'sat': None, 'expContainedTimestamp': None, 'expContainedISO': None, 'cause': 'Undetermined', 'imtType': None, 'fuels': None, 'terrain': None}, 'place': {'name': 'indio', 'state': 'ca', 'country': 'us'}, 'profile': {'tz': 'America/Los_Angeles'}, 'perimeter': None}"
48,Feature,"{'type': 'Point', 'coordinates': [-117.2272049926, 33.78240288234]}","{'id': '6433c2bc1f5a744ce7c8910e', 'dataSource': 'NIFC', 'loc': {'long': -117.2272049926, 'lat': 33.78240288234}, 'report': {'id': '2023-CARRU-052104', 'type': 'L', 'timestamp': 1681112598, 'dateTimeISO': '2023-04-10T00:43:18-07:00', 'name': 'Perris Union High Sch Dist Perr', 'location': 'PERRIS UNION HIGH SCH DIST PERR', 'startTimestamp': 1681111917, 'startDateISO': '2023-04-10T00:31:57-07:00', 'conf': 100, 'areaKM': None, 'areaMI': None, 'areaAC': None, 'perContained': None, 'sat': None, 'expContainedTimestamp': None, 'expContainedISO': None, 'cause': 'Undetermined', 'imtType': None, 'fuels': None, 'terrain': None}, 'place': {'name': 'perris', 'state': 'ca', 'country': 'us'}, 'profile': {'tz': 'America/Los_Angeles'}, 'perimeter': None}"
49,Feature,"{'type': 'Point', 'coordinates': [-118.16667223405, 34.760474938036]}","{'id': '643391841f5a744ce7c8910a', 'dataSource': 'NIFC', 'loc': {'long': -118.16667223405, 'lat': 34.760474938036}, 'report': {'id': '2023-CALAC-119401', 'type': 'L', 'timestamp': 1681100329, 'dateTimeISO': '2023-04-09T21:18:49-07:00', 'name': 'Lac-119401', 'location': 'LAC-119401', 'startTimestamp': 1681100040, 'startDateISO': '2023-04-09T21:14:00-07:00', 'conf': 100, 'areaKM': None, 'areaMI': None, 'areaAC': None, 'perContained': None, 'sat': None, 'expContainedTimestamp': None, 'expContainedISO': None, 'cause': 'Undetermined', 'imtType': None, 'fuels': None, 'terrain': None}, 'place': {'name': 'lancaster', 'state': 'ca', 'country': 'us'}, 'profile': {'tz': 'America/Los_Angeles'}, 'perimeter': None}"
50,Feature,"{'type': 'Point', 'coordinates': [-118.16480217257, 34.035284858585]}","{'id': '64338ae81f5a744ce7c89107', 'dataSource': 'NIFC', 'loc': {'long': -118.16480217257, 'lat': 34.035284858585}, 'report': {'id': '2023-CALAC-119374', 'type': 'L', 'timestamp': 1681099008, 'dateTimeISO': '2023-04-09T20:56:48-07:00', 'name': 'Lac-119374', 'location': 'LAC-119374', 'startTimestamp': 1681098141, 'startDateISO': '2023-04-09T20:42:21-07:00', 'conf': 100, 'areaKM': None, 'areaMI': None, 'areaAC': None, 'perContained': None, 'sat': None, 'expContainedTimestamp': None, 'expContainedISO': None, 'cause': 'Undetermined', 'imtType': None, 'fuels': None, 'terrain': None}, 'place': {'name': 'east los angeles', 'state': 'ca', 'country': 'us'}, 'profile': {'tz': 'America/Los_Angeles'}, 'perimeter': None}"
51,Feature,"{'type': 'Point', 'coordinates': [-116.46834984497, 33.584281900618]}","{'id': '64338ae81f5a744ce7c89106', 'dataSource': 'NIFC', 'loc': {'long': -116.46834984497, 'lat': 33.584281900618}, 'report': {'id': '2023-CARRU-051975', 'type': 'L', 'timestamp': 1681098750, 'dateTimeISO': '2023-04-09T20:52:30-07:00', 'name': 'Monte Rosa   Anza', 'location': 'MONTE ROSA   ANZA', 'startTimestamp': 1681093584, 'startDateISO': '2023-04-09T19:26:24-07:00', 'conf': 100, 'areaKM': None, 'areaMI': None, 'areaAC': None, 'perContained': None, 'sat': None, 'expContainedTimestamp': None, 'expContainedISO': None, 'cause': 'Undetermined', 'imtType': None, 'fuels': None, 'terrain': None}, 'place': {'name': 'alpine village', 'state': 'ca', 'country': 'us'}, 'profile': {'tz': 'America/Los_Angeles'}, 'perimeter': None}"
52,Feature,"{'type': 'Point', 'coordinates': [-116.82450393591, 33.947027923761]}","{'id': '643375dc1f5a744ce7c890fe', 'dataSource': 'NIFC', 'loc': {'long': -116.82450393591, 'lat': 33.947027923761}, 'report': {'id': '2023-CARRU-051955', 'type': 'L', 'timestamp': 1681093661, 'dateTimeISO': '2023-04-09T19:27:41-07:00', 'name': 'Malki Rd / Morongo Rd', 'location': 'MALKI RD / MORONGO RD', 'startTimestamp': 1681092208, 'startDateISO': '2023-04-09T19:03:28-07:00', 'conf': 100, 'areaKM': None, 'areaMI': None, 'areaAC': None, 'perContained': None, 'sat': None, 'expContainedTimestamp': None, 'expContainedISO': None, 'cause': 'Undetermined', 'imtType': None, 'fuels': None, 'terrain': None}, 'place': {'name': 'cabazon', 'state': 'ca', 'country': 'us'}, 'profile': {'tz': 'America/Los_Angeles'}, 'perimeter': None}"
